S0,L,ms,fi,b,RE35Y0.0,RE35Y0.2,RE35Y0.4,RE35Y0.6,RE35Y0.8,RE35Y1.0,RE35Y0.0_Error,RE35Y0.2_Error,RE35Y0.4_Error,RE35Y0.6_Error,RE35Y0.8_Error,RE35Y1.0_Error
31.9536,93.6429,0.717143,-0.0275,6.85,-0.011888,0.127863,0.251971,0.340031,0.435584,0.481848,0.0393317,0.0397618,0.0408628,0.0344942,0.0392154,0.045397
29.8936,112.929,0.957143,-0.5275,6.97857,-0.0197928,0.149676,0.313942,0.447385,0.69996,0.71058,0.037713,0.036322,0.0332955,0.0357131,0.0544464,0.0548584
33.7193,101.357,0.808571,0.543929,9.16429,-0.020407,0.176312,0.298172,0.402857,0.42324,0.403233,0.0366484,0.0375375,0.0393149,0.053233,0.0315649,0.0400377
34.7493,58.9286,0.82,0.615357,3.50714,0.0134484,0.00102305,0.0490576,0.159514,0.209915,0.271999,0.0373697,0.0384573,0.0395353,0.0414022,0.0386716,0.038085
35.0436,115.5,0.671429,0.329643,1.19286,-0.00715032,0.142412,0.262615,0.368978,0.415062,0.470432,0.0384222,0.0394011,0.0378648,0.0355016,0.0424375,0.0425361
31.365,97.5,0.66,0.0439286,9.80714,0.00822453,0.220564,0.375538,0.456608,0.601396,0.670154,0.0392445,0.0392422,0.0419981,0.0440751,0.0318542,0.0396129
29.4521,88.5,0.602857,-0.295357,9.67857,0.0176925,0.268452,0.419222,0.531672,0.676996,0.816102,0.0428008,0.0413387,0.0428281,0.0422747,0.0333886,0.0426639
35.9264,94.9286,0.842857,0.436786,5.43571,-0.00149928,0.0393743,0.127288,0.189654,0.226781,0.328652,0.0371242,0.0388339,0.037869,0.0383212,0.0406272,0.039529
28.5693,111.643,0.9,0.365357,5.56429,0.0148348,0.12516,0.251992,0.332386,0.37412,0.400693,0.0387641,0.0370184,0.0330511,0.0373199,0.0446502,0.0451159
27.6864,44.7857,0.797143,-0.420357,3.25,0.00398505,0.112523,0.215071,0.302647,0.350935,0.406615,0.0375127,0.0383729,0.0340732,0.0365258,0.0430249,0.0410596
35.6321,53.7857,0.917143,0.258214,8.26429,-0.0190506,0.096264,0.171895,0.197398,0.22675,0.218632,0.0355115,0.0363332,0.0426535,0.0439368,0.0353979,0.0373093
26.3621,107.786,0.974286,0.240357,7.10714,-0.0236769,0.088846,0.288031,0.401767,0.474954,0.480713,0.038581,0.0394028,0.0357305,0.0309373,0.0445084,0.0514207
32.8364,110.357,0.751429,-0.206071,8.39286,-0.00306388,0.159999,0.278452,0.411389,0.517248,0.642076,0.0384755,0.0384906,0.0403091,0.0387054,0.0329354,0.0497801
34.3079,55.0714,0.922857,-0.313214,7.49286,0.0112792,0.0910182,0.139945,0.158707,0.207323,0.308589,0.0358632,0.0372541,0.043084,0.0355848,0.0380481,0.0394166
32.1007,56.3571,0.871429,0.311786,6.33571,-0.00132088,0.0410055,0.0878239,0.150609,0.191978,0.261761,0.0378562,0.0385775,0.0400978,0.0372782,0.0401485,0.0391208
32.6893,92.3571,0.677143,-0.116786,6.20714,0.0254566,0.125966,0.217159,0.363446,0.437618,0.479781,0.0397103,0.0403174,0.0404386,0.0359339,0.0405811,0.0449321
28.4221,42.2143,0.928571,-0.259643,6.72143,0.0238028,0.0629643,0.136425,0.200676,0.278054,0.354594,0.0371192,0.0386732,0.037062,0.0330394,0.0416636,0.0417902
28.1279,49.9286,0.86,0.133214,9.42143,0.0049155,0.165772,0.288845,0.397548,0.459166,0.457111,0.0359089,0.0372118,0.0390347,0.0505039,0.0297792,0.0405787
28.275,30.6429,0.637143,0.490357,3.76429,-0.0146129,0.0585965,0.149468,0.208466,0.267921,0.322432,0.0385567,0.0390311,0.0410016,0.0419859,0.0423131,0.042324
31.5121,64.0714,0.665714,0.526071,2.99286,0.00958348,0.0635568,0.156531,0.242177,0.317563,0.373895,0.0384944,0.0390651,0.0396081,0.0398602,0.0420938,0.0415027
28.7164,79.5,0.888571,-0.545357,2.60714,-0.0407438,0.19198,0.300907,0.39269,0.418297,0.531102,0.0328555,0.0329785,0.0347384,0.0437241,0.0437575,0.0465553
29.0107,85.9286,0.762857,0.00821429,3.37857,0.0136028,0.138577,0.298758,0.393863,0.397305,0.456287,0.039475,0.0385789,0.0331281,0.035749,0.0425914,0.041977
26.6564,87.2143,0.945714,0.0617857,4.66429,-0.0184591,0.151315,0.270925,0.338404,0.34668,0.451734,0.0356635,0.0340236,0.0316306,0.039435,0.0421463,0.0454352
27.5393,37.0714,0.654286,-0.223929,2.86429,0.0104886,0.138888,0.229874,0.34174,0.392425,0.418725,0.038509,0.040023,0.0394515,0.0361733,0.0420014,0.0421665
32.2479,31.9286,0.768571,0.0260714,1.83571,-0.00636982,0.0318909,0.110547,0.1972,0.266858,0.334727,0.0363172,0.0375459,0.0381146,0.0395978,0.0392813,0.0387291
27.245,109.071,0.968571,0.3475,2.35,0.00437037,0.151774,0.23559,0.278444,0.320672,0.375171,0.0303487,0.0323465,0.0349303,0.0406746,0.0401414,0.0439027
29.305,100.071,0.7,0.401071,8.90714,-0.00408604,0.1663,0.293673,0.40105,0.506614,0.54935,0.0135887,0.0138192,0.0145226,0.015995,0.0108453,0.0159013
29.7464,84.6429,0.62,0.383214,5.82143,-0.00283634,0.12627,0.232829,0.34282,0.418539,0.454025,0.0139589,0.0141917,0.0144795,0.0134443,0.0140501,0.0160244
33.2779,66.6429,0.877143,0.579643,4.79286,-0.00165508,0.00716068,0.0723828,0.13645,0.215402,0.264284,0.0134285,0.0136625,0.013567,0.0140219,0.0138655,0.0136248
33.1307,119.357,0.694286,-0.2775,1.06429,0.00049761,0.186465,0.368639,0.465991,0.523859,0.539621,0.0147104,0.0147894,0.0128365,0.0119346,0.0150328,0.0150394
29.1579,51.2143,0.78,-0.170357,7.36429,0.0044381,0.0988387,0.183318,0.270051,0.338589,0.406609,0.0132901,0.0134866,0.0145706,0.0125816,0.0133305,0.0156706
32.5421,69.2143,0.814286,-0.348929,2.47857,-0.0102093,0.0870727,0.179072,0.251158,0.328481,0.39273,0.0132673,0.0132622,0.0122942,0.0133815,0.0139001,0.0139508
33.425,65.3571,0.825714,-0.581071,1.45,-0.0193985,0.0770644,0.16454,0.254333,0.330195,0.413782,0.0132477,0.0130312,0.0127253,0.0139222,0.0138948,0.0143315
34.8964,67.9286,0.774286,0.5975,4.53571,-0.0071143,0.0402614,0.0807343,0.150535,0.226356,0.295378,0.0133484,0.013747,0.014126,0.0143048,0.0144966,0.0139676
35.485,82.0714,0.831429,0.508214,2.09286,0.00174728,0.0275755,0.120323,0.192443,0.273577,0.328307,0.0130322,0.0132672,0.0133307,0.0140808,0.0136056,0.0135267
30.1879,46.0714,0.728571,0.454643,5.69286,-0.00631151,0.0767253,0.11003,0.179404,0.24117,0.309446,0.0133726,0.0137011,0.0143322,0.0139102,0.0148929,0.0147783
28.8636,52.5,0.985714,-0.491786,1.70714,-0.026402,0.101226,0.196516,0.261896,0.333445,0.431502,0.0101629,0.0116323,0.0129687,0.0139928,0.0139794,0.014963
27.8336,48.6429,0.757143,0.418929,5.05,-0.00340566,0.0768874,0.140271,0.222801,0.284408,0.351356,0.0132961,0.0135452,0.0135081,0.0133802,0.0148461,0.0148541
30.335,47.3571,0.894286,-0.509643,5.30714,0.00107082,0.0674662,0.142384,0.226327,0.326871,0.394528,0.0133046,0.0132532,0.0123464,0.0135411,0.0152938,0.0146768
35.1907,71.7857,0.745714,-0.134643,7.75,-0.000133713,0.113244,0.191826,0.24476,0.294784,0.335297,0.0131156,0.0133235,0.0146195,0.0144415,0.0131656,0.0147865
26.215,80.7857,0.642857,-0.473929,7.62143,-0.00739851,0.192299,0.372395,0.566048,0.701345,0.873737,0.0155499,0.0157469,0.0150219,0.0131798,0.0127572,0.0195705
25.9207,43.5,0.934286,-0.241786,6.59286,0.00638189,0.083805,0.172627,0.262766,0.339344,0.391833,0.0133007,0.0134889,0.0123392,0.0113783,0.0155448,0.0157811
26.0679,34.5,0.951429,-0.188214,3.12143,-0.00770569,0.081581,0.172389,0.23942,0.286451,0.351794,0.0119538,0.0117821,0.0118209,0.0136931,0.01379,0.0144701
26.8036,78.2143,0.837143,0.204643,9.93571,-0.00500899,0.201483,0.354928,0.47411,0.597648,0.650262,0.0135155,0.0138498,0.0144966,0.0170725,0.0102717,0.013225
33.8664,39.6429,0.905714,0.4725,4.27857,-0.00268397,-0.0183316,0.0385406,0.0957548,0.193643,0.249777,0.0135401,0.0137386,0.0139065,0.0140958,0.0135513,0.0132836
32.9836,40.9286,0.911429,0.151071,1.32143,-0.00468818,0.00396061,0.0941889,0.163294,0.25012,0.297323,0.012734,0.0128335,0.0132365,0.0137943,0.012994,0.0130633
30.6293,62.7857,0.705714,-0.0810714,6.46429,0.00240389,0.10575,0.197197,0.287984,0.350234,0.396034,0.0136336,0.0138337,0.0144454,0.0128561,0.0141648,0.0153803
33.5721,89.7857,0.802857,-0.563214,5.17857,-0.00298667,0.110663,0.216087,0.308167,0.398654,0.485459,0.0136565,0.0137411,0.013063,0.0133363,0.0154342,0.0150516
26.9507,33.2143,0.865714,0.293929,8.13571,-0.0102173,0.099795,0.184599,0.232643,0.302091,0.298224,0.0130842,0.0132223,0.0151901,0.0140109,0.0120592,0.0145873
26.5093,61.5,0.791429,-0.0989286,9.55,0.00214738,0.176862,0.311702,0.420791,0.556894,0.651847,0.0134817,0.0136683,0.014135,0.0156751,0.0100722,0.0159858
35.3379,106.5,0.991429,0.186786,4.92143,-0.00597151,0.0467232,0.137684,0.182888,0.256985,0.320692,0.0127242,0.0125329,0.0122722,0.0137801,0.0135628,0.0136137
27.9807,98.7857,0.631429,-0.366786,1.96429,-0.0188168,0.190601,0.450735,0.57421,0.649541,0.637085,0.045534,0.0455793,0.0381604,0.0320854,0.0436026,0.0477319
31.2179,57.6429,0.882857,0.0975,8.77857,-0.0139076,0.116401,0.229174,0.295001,0.359895,0.341158,0.0365542,0.0370294,0.0388918,0.0451505,0.0312226,0.0416231
31.0707,70.5,0.722857,0.0796429,2.73571,-0.0109847,0.108208,0.224535,0.315009,0.348179,0.426425,0.0367997,0.0378349,0.0360971,0.0370295,0.0413408,0.0415538
31.8064,118.071,0.608571,0.561786,3.63571,-0.0161155,0.159058,0.292224,0.412077,0.450982,0.495614,0.0396432,0.041366,0.0396307,0.0364547,0.0421954,0.0449649
34.1607,116.786,0.98,-0.438214,8.65,0.0115231,0.140251,0.270301,0.35641,0.457053,0.653021,0.0366334,0.0380577,0.0395458,0.0350038,0.0363697,0.0523841
34.455,103.929,0.997143,0.168929,4.15,0.000597806,0.0578642,0.1451,0.198526,0.274011,0.31452,0.0336427,0.0339296,0.0356727,0.0386018,0.0369105,0.0387873
29.5993,76.9286,0.74,-0.384643,4.02143,-0.00159953,0.156139,0.281781,0.389734,0.480232,0.491562,0.0396163,0.0395718,0.0356586,0.034919,0.0446222,0.0436613
34.6021,83.3571,0.625714,-0.0632143,1.57857,0.00435324,0.150451,0.242258,0.357276,0.415182,0.43141,0.0387481,0.0404688,0.0398655,0.0369326,0.0419587,0.0407401
35.7793,102.643,0.962857,0.651071,7.23571,-0.00285258,0.0976546,0.107859,0.197649,0.210325,0.300454,0.0366425,0.0391918,0.0447053,0.0371885,0.03854,0.0377027
34.0136,73.0714,0.648571,0.115357,8.00714,-0.0222762,0.122347,0.218716,0.269602,0.349185,0.352832,0.0386342,0.0392737,0.0404037,0.0435578,0.0373638,0.043732
25.7736,114.214,0.734286,-0.1525,4.40714,-0.0241818,0.30884,0.527002,0.611763,0.64946,0.568224,0.0444678,0.0433914,0.0327182,0.0326053,0.0477651,0.051969
30.4821,35.7857,0.682857,-0.331071,7.87857,-0.0007938,0.129165,0.233441,0.269437,0.331425,0.393545,0.0390581,0.0382015,0.0422273,0.0422683,0.0376074,0.0434492
30.9236,74.3571,0.848571,0.633214,9.29286,-0.0210522,0.187557,0.322572,0.412473,0.420603,0.417819,0.0361802,0.0370228,0.0386202,0.0550401,0.0334855,0.039145
27.0979,38.3571,0.614286,-0.0453571,5.95,0.000571919,0.114358,0.209726,0.309698,0.378539,0.437345,0.0398178,0.0394195,0.0411675,0.0391694,0.0403829,0.0455552
31.6593,105.214,0.688571,-0.00964286,2.22143,-0.00637938,0.182966,0.338541,0.447124,0.479545,0.467191,0.040569,0.0407419,0.0367534,0.0336145,0.0420435,0.0425251
30.0407,60.2143,0.94,0.276071,9.03571,-0.00458043,0.128772,0.254355,0.337704,0.409713,0.359211,0.035516,0.0360959,0.0396322,0.0503597,0.0300094,0.0399248
30.7764,91.0714,0.711429,0.2225,8.52143,-0.00450473,0.140079,0.249567,0.361056,0.452144,0.50268,0.0373395,0.0394307,0.0412326,0.0420428,0.0319261,0.0470337
27.3921,96.2143,0.854286,-0.456071,3.89286,-0.022015,0.233792,0.368364,0.501757,0.562555,0.571116,0.0369702,0.0343576,0.0316291,0.0410243,0.0524064,0.0473894
32.395,75.6429,0.785714,-0.4025,6.07857,-0.00677378,0.115319,0.196386,0.270377,0.361738,0.444926,0.0386799,0.0397536,0.0390009,0.0353863,0.0427517,0.0424781
